{"cameraMode":{"drawMode":0,"name":"Shaded","section":"Shading Mode"},"sceneLighting":true,"audioPlay":false,"sceneViewState":{"m_AlwaysRefresh":false,"showFog":true,"showSkybox":true,"showFlares":true,"showImageEffects":true,"showParticleSystems":true,"showVisualEffectGraphs":true,"m_FxEnabled":true},"in2DMode":false,"pivot":{"x":4.647515296936035,"y":-0.23726963996887208,"z":4.757561683654785},"rotation":{"x":-0.15968351066112519,"y":-0.23104305565357209,"z":0.03847428038716316,"w":-0.9589707851409912},"size":3.6324617862701418,"orthographic":false}