{"cameraMode":{"drawMode":0,"name":"Shaded","section":"Shading Mode"},"sceneLighting":false,"audioPlay":false,"sceneViewState":{"m_AlwaysRefresh":false,"showFog":true,"showSkybox":false,"showFlares":true,"showImageEffects":true,"showParticleSystems":true,"showVisualEffectGraphs":true,"m_FxEnabled":true},"in2DMode":false,"pivot":{"x":-55.06376647949219,"y":13.971006393432618,"z":2.6434507369995119},"rotation":{"x":0.3087318241596222,"y":0.27716654539108279,"z":-0.09437068551778794,"w":0.9046612977981567},"size":0.9457213878631592,"orthographic":false}